PC1,PC2,Fault
-0.7588744618981756,-0.08112614941542337,16
-1.4237404193814112,-0.2801319119939481,17
-0.378008750518746,-0.5060875318089707,4
-0.8617829276615291,-0.5354001381934747,16
-0.9665749168018662,0.3326859457800247,19
-1.3697717368239946,0.1425025991637544,16
-1.317637615688984,0.5943119620069253,17
-0.6552510181637824,0.6512515734476804,17
-4.146578145226012,3.577945612727607,13
-1.157062716729185,0.038805957488225705,11
14.689189957463256,-8.90229236241062,6
-1.441801958763452,-0.7597816480598024,9
-0.28506316897828393,-0.0009230813682661419,10
-0.45095010255671036,0.04024223000443452,4
-0.7552658677613905,-0.9198174283174546,5
1.3058645562139142,0.5575007481661941,18
-1.9856178897932009,-1.3539677735884956,1
-0.20648697448721554,0.623624909556547,1
3.27357316041247,0.7105444401109783,13
-0.6273097823900788,0.7419706006449179,14
-2.4671341655452554,-0.7567273563922963,13
-1.3085086775336887,-1.8073670510706004,1
-0.8219584358625914,0.44954250852144706,17
-0.3562916752431686,0.28439953140918117,4
-1.4804398355489201,-0.016887677179936764,9
-0.5642344434849953,0.675616006596467,3
-1.388075003965609,-0.6776906443181221,18
-0.4740707732301494,0.8307827413188171,19
-0.5616827074396927,0.12391362144059029,19
15.143754033205855,-10.814782087352565,6
-0.1740962502494453,1.398689192580668,16
-0.43993430238537423,1.6568551089898764,17
-1.0427291612468774,0.15511041946754983,4
-4.132295759448253,1.006624300889505,8
-1.235998954963533,-0.5525501379838235,4
11.862244159138239,-8.985232541638311,6
-1.4184003271236214,-0.33936929820605866,14
-0.469613950090867,0.5060930664414155,3
-1.100385659214755,-1.1190820519618259,20
-0.7053848500631789,0.5511724323721963,4
-0.4805564169589981,0.023966679206725645,4
-0.9373850721096719,-0.7852314517314708,18
-0.35436450815716863,0.6765306337791462,9
-0.24097155066039544,-0.42119882509996664,7
12.886610567763809,-9.577287064949825,6
-0.9382663434815681,0.49388156594819194,16
-0.3814362167290048,0.5046457102132146,11
-0.5454443517235209,-0.1733842272079708,16
0.5937222609269868,0.7658140507323583,1
14.937537380603798,15.038713923373102,18
-0.10055530131749173,0.08300284596976501,8
-0.6608482128062962,0.5244937824682389,3
-5.548358645531555,-4.06704818471073,8
-1.0589072384252174,0.47264639877772646,15
-0.47170959775770244,-0.010176281381041022,11
-0.3467010896703581,0.6189359238816864,8
-0.06205015169936044,0.6194622725792686,19
-0.6416254687693533,-0.33957943217050046,15
-0.10984887722541276,0.7410821104843183,20
-1.0293214971964215,-0.8854275912639273,1
-1.234527057665315,1.7274434239078824,17
2.972969764665387,-0.9607191049484929,13
4.622037663428362,3.5423256338178417,7
-1.138177332749022,-0.29086181670389155,17
-3.9398294430951935,1.8071782022344458,8
-0.873706434842951,-0.0929710241421585,16
-6.271925300514552,-6.022009026834872,13
-1.0450271513518612,-0.5039988860474228,10
12.568342258375699,-8.585953950720047,6
-1.1536842691596543,-0.10042090137400125,17
-2.01955143684292,-1.5115623900737183,1
-1.1815139137294288,-0.5535072353342341,7
0.06544168578339207,2.5287423261045405,13
-1.1476278318841764,-0.6291284298666013,3
-0.34131148894923374,0.19193964615736292,4
-1.255487176287512,1.2835515752664581,7
-0.4176875121006691,0.38143647449577056,10
-0.3658524145358198,0.3589255225342132,14
-0.7000811874392757,0.7551191645072206,20
0.6467945913178396,1.5272921511669546,7
-0.8359146675653522,-0.9104892801447212,7
3.1856570766369656,-4.761477027620151,13
-1.731028961435972,-1.956671240647237,1
-1.1887410294746434,0.07089326604897696,14
-1.4373900062091594,-1.5745951117849262,18
-1.228777336594263,-0.4372712420353188,20
-1.318184426542679,0.4847021312979899,11
5.17584411519263,5.050100118403147,18
-0.9395246375151466,0.12018618339323389,14
-0.44574272634645373,0.283376585156404,7
-0.6158146318308884,0.35379897078500505,10
-1.3558114667907104,0.4779051293871182,12
-1.360210193711013,-0.7069871313316235,4
-0.7205053790650263,0.433430711297872,4
-0.8214065011883745,0.13848825867486708,19
-0.6128144431907916,0.4231568266540413,19
-0.5332500842744037,0.30330217706687546,17
-0.8002560182283003,-0.7315285613347824,12
-0.2903120421778488,-2.3094166737339714,6
-0.40155746597578756,0.19981596288728967,15
-1.215720986321229,0.43931258715969873,11
13.524984591277962,14.90208068330597,18
-0.6066561020396077,0.499398838302026,17
-0.691939447714694,0.3517249211582524,14
-4.427264753756924,-5.852474404600337,12
-1.418838762301792,-0.2827274927072799,9
-3.1923044444313744,0.9778742037034949,8
-0.44079500321777965,1.3797149214886932,3
-0.6549972568942725,0.26115352005090536,19
-2.2315614828277885,-4.26803258611432,18
-0.516999892445291,0.3337936840811059,17
-0.4763276377145804,0.3410539059275724,20
1.3800035757757967,2.190238624678473,18
1.2617626426704784,2.2229426509937737,12
-1.2535623783912841,-0.24270978226852008,15
-0.4217664964082864,0.8893704328480999,14
-0.40726255215806506,0.555030313931263,14
12.770895764152778,-9.072848862440972,6
-0.8466933150795966,0.22232791035707747,9
10.847724342110336,9.741967391072633,18
-0.36196615102475754,1.293183002297253,17
-0.37731839723083826,-1.8051203800588822,8
-0.5324002887393565,0.012729192504408156,19
4.8665796008239655,2.8806369981010786,13
-1.053325773340781,1.5230613909110597,17
3.424896673638402,2.7429829959090113,8
-0.9413457645811297,-0.1377472731054603,16
2.479729255771206,3.433914714431387,7
-1.3781412079388742,-0.24643848183457726,3
-4.0442015985267785,1.811031831646347,8
-0.7079417203910953,1.0882789722188047,10
-0.1253526337605101,1.0377360128216953,17
-0.38894389259541196,0.6156942527398847,9
-2.2884425646570055,0.16494752628155035,8
14.647028110655256,15.094189380167382,18
12.707985558713341,-8.554813626228782,6
-0.506144243318876,0.2085311009728229,14
-1.0747467415888672,-0.5039620440605947,20
-0.8757089971636156,0.5333330654310312,20
-2.3200722100502573,2.971003084538292,2
-1.6549830569172173,0.9690327923100049,2
-1.5984219370637804,-0.32650613167435066,4
0.05575040593189687,1.863970794108423,10
-0.5208687465205623,0.5151647805843063,3
-1.2330437953413724,0.6879850095121922,7
-1.3311189992833585,-0.9888516529446943,19
-2.667466574581953,2.810268749809116,2
-1.6889357522937756,-0.5495802884190994,11
-0.45456340106798343,0.6928592699395658,13
-3.00505362481019,2.820009776708691,2
-0.4738776937557293,0.29739832398029675,17
-1.3165825707675132,-0.41140610769734737,19
-0.9059155646424785,0.13581790443552394,9
-0.8982650895189012,-0.3776871293781339,1
-0.9273204372709131,0.07641992226087126,20
-0.8020374483920505,-0.6179197260450668,17
-1.5209215115551045,0.3137796559072343,3
-0.5806680691063741,0.8586677433203289,16
-0.18571617255630052,0.9441961072756337,7
-0.5985343695854864,-0.36461801352646095,3
-0.8759110940690804,-0.2509218837074358,9
-1.0848862385991092,-0.1252023203333583,14
0.0057072472621764415,0.8966589367871834,16
-1.6078583077191921,-0.45227665074876783,5
-0.31602636627100333,1.0373112642496634,5
-1.8943172457295467,-1.3641686878338564,20
-0.8351802233999177,0.7201999471095323,5
0.8296974714281865,0.9376409835569679,1
-0.6910957724669238,0.06594254386117873,9
-0.6795991008260405,0.33996169118472946,10
-1.286795282043311,-0.3627994163054778,5
-3.6656610633893467,-1.1752543572143213,5
-1.2256417721751034,-1.9889512087463508,18
-2.1827668414988337,-1.0194630549916839,18
-0.7277471348666826,-0.16812722537041805,6
-1.03352692676658,0.0265272790141722,19
-0.12373796644927783,1.4563126820144812,14
2.466294316738769,-3.441346538417793,13
-0.5999124528261834,-0.7927141479224041,11
12.58453694031487,-10.058836974553454,6
-0.6952713822932886,-0.6243743727586745,10
-0.614382509368836,0.043084760623901736,9
15.945038571763261,-8.826438391818954,6
-0.20268702569586108,-0.8810649055969996,12
-2.160167781924559,-0.647789231605517,8
-1.5760734897872826,1.0559551321708593,12
-0.4902968945844938,0.6874741698259321,16
-2.472163328982983,3.9427251772675898,2
-0.8049411438499068,0.13174081121170794,15
-1.0677246676677083,-0.8001541067919686,15
-0.6455826437823262,-0.6984981281731298,12
-1.8748319160461389,-0.6345411161977692,3
-0.6512580993126561,-0.4869313847264436,12
0.4442421433852707,1.8664178930724864,5
-0.6764579165154546,0.23024396021453128,14
-1.187991614862004,-0.8895212478417514,11
-1.4868335456000115,0.11108208010757341,19
-0.7479437138140892,0.5238039450769579,11
1.3336806538100128,1.685603858219632,7
0.22478066469560873,0.7237883858312816,7
-0.8405291317998749,0.45318938868234343,4
12.674219576248124,-8.829980537730037,6
-1.3991331753895169,-0.917627748901656,10
-1.4630658024494556,-1.87780659918091,8
-1.3730053478254527,0.0016632368074441441,3
-0.4294513046282757,-0.1301553251193573,19
-1.1142449519508346,-0.784299612925993,1
-0.6423921030809283,0.3666516081759524,16
1.3255528081232582,1.4255350061084835,8
-0.7840472137970259,-0.3977561335470847,14
-0.781360937236414,-0.42391515204610447,3
-0.31799614865467224,-0.24586374121918966,1
-2.377413724428465,-3.0153102057046937,1
-0.5700629377729323,0.6732283518946265,8
12.657606859419557,14.351412936144333,18
6.048822273933303,-3.093663443633884,6
-0.8125890150730849,0.9047266535776758,11
-1.1383783799321956,0.9635340172159446,7
13.072095014655451,15.642047677080344,12
14.105407573105525,-7.862553308658778,6
0.4126968909685442,3.0447476688615787,8
-1.6420153337786256,-1.1897611244076136,1
-2.3929457333742095,2.253084466478856,2
-0.42174386526086305,0.3080981035675547,4
2.377971114074375,-4.213654007560705,1
-1.2400766096014757,-0.1345563899426342,17
-0.7789013276971924,-0.21326168149425162,17
-2.381110217215937,-2.4509609834694577,1
-0.5504190420177745,0.36653208314701513,8
-4.9887992032568285,1.3950133700281713,8
1.8777232281795648,2.176036042565708,12
4.717123330854947,4.66997631203742,7
-0.6779047282209006,1.0085306226435906,11
-0.5836875376976438,0.1736964547346281,4
0.27288118635908715,1.2941500085477153,17
0.4575369215956889,-1.080137017665336,6
-2.551133851762405,2.7066689261828167,2
-3.5121427507827225,1.5136812047457864,2
-1.6699159154028207,-1.0222829789790855,10
-1.119275232069445,-1.5176961863490988,1
-0.7651536035527606,-0.2926438634681919,4
-0.344358951082812,0.9146017697459108,4
-1.2680982718332157,-0.27594673707253764,16
-1.3559302890741092,-1.253140242248632,7
-0.20640961680626618,1.0031140908732035,5
0.022046655376641026,0.7059430600522527,9
-0.5924901122766323,-0.10591773140905651,11
-2.555248907143246,3.1237939812304156,2
2.3574619613323144,0.3052875655944356,18
-5.38417898565599,-0.7015306530922656,8
-1.1985107153974626,0.3309617177786047,17
-1.510711805698019,-1.076686205131914,14
4.809268671106498,5.997677220290491,7
-0.8876534941586954,0.35023317445314145,9
-0.656919898305188,-0.2590861208264041,8
0.08327846069438427,0.9845564113188853,17
-0.7521289984082979,0.19670108615431048,3
0.2791886524668133,1.572118136296966,12
2.6077111577861496,1.7336160132784104,13
8.604449697793244,5.660749569020222,18
-1.407335384973421,-0.042995419246420974,9
0.4556405481941341,1.5654011805293784,12
-0.9861660357850169,0.10042028786210212,11
12.737689839482202,-9.480572188146452,6
-0.27953303310105787,0.8913930850786389,15
-0.4828854488594568,0.08127360431258657,14
-0.5234414300200396,-0.16805888604365654,9
-0.018039006632954237,0.6817192665978985,20
-0.8209268416433575,0.03604463644931351,3
-0.3683700942179771,0.9303831544260605,14
1.5207345488148072,2.2031308807687844,8
-1.5210794881127,0.24963367713756163,9
-0.019745710094951616,0.4183812644484759,7
-0.6536428074347868,1.2415217171202642,12
-1.2990172940035123,0.23262474667491487,20
-0.325952220136428,0.7319968143043114,5
-0.24149204680502695,0.6790370865329042,4
-0.44410568485353974,1.2393656302019873,12
-0.8835387562858913,-0.10482358377503719,20
-1.2444004883461126,-0.5378253681535345,5
-0.8307765129658301,-0.16735560266482122,11
-2.0094714594533314,-2.0505041206079944,12
-3.586274183381178,-2.330252392279538,7
4.5813370051322435,-4.51088926742511,13
-0.9381771696465229,0.4060611179278662,19
-1.1088288786493914,-0.43674066252476457,17
-0.39588803479354023,0.7337396694856759,11
0.6109890183201878,0.9229586187938856,7
-0.3856235510590585,0.17414700343156805,17
-0.8780726556451414,-0.3634771425175042,15
-0.6288370868696589,0.44462780434637195,14
-0.5672634992013739,0.09567409879978996,18
-1.4994050479518692,0.4036047327199297,3
-2.4168449203914997,3.3013297854338592,2
-0.4416241010105687,0.2957290071552237,19
-0.42609182646435256,0.057772712907096714,3
-4.3196942715735975,-5.7468267669380175,7
-0.7811168468345917,0.47845313226375985,15
-0.13177325485904295,1.1950391397372397,5
-1.0927407140380778,0.6861642422979458,12
-4.096296388587302,-2.455921036260027,5
-2.3719117135962735,-2.7518189524341445,8
-2.6466065329462727,2.824432485404345,2
-0.7823159315608079,0.43549178691020135,16
-0.26553322537973156,1.2747605674250628,16
-1.3492751229346522,-0.03395997559326293,16
-1.500888280802895,-0.5350384390663144,20
-0.6263518447627665,0.5924716369575633,19
14.217110916927682,-8.922986367086235,6
-0.5015689601481551,0.24435174423635703,7
-0.6557441480892106,0.4589009893588086,4
-0.38812477272122786,0.5711605049677461,10
1.4763655161562874,-8.207414795992579,13
0.28172318955282466,1.2573352859905291,3
-0.8865310069124105,-0.24165202243479486,11
-0.602613557282395,-0.06392293008554856,2
14.538163577607014,-8.380396017679018,6
-0.9628971789132124,-0.6597579724728532,14
-1.3062425751398206,0.43379315764197157,15
-0.3875352043441723,0.40255116964723264,7
-1.5351136679126343,-0.3078496262961438,9
-3.246678086052678,1.9201068994668715,8
-0.9705003020902342,-0.2370314238959219,20
-1.082648197079302,1.3153923647382144,13
-6.165763344533414,0.4966533107013879,8
0.33776105623750297,1.3827492112215163,14
-2.8514000812671543,3.3849733770050325,2
-9.466352489956275,-12.851287163586584,18
-0.7688177281233959,-0.5563204242645019,4
-0.31179728057297107,2.1759501832768873,5
-1.0935896209390361,-0.5799066729370208,13
-1.4890814698316495,1.8410720812908352,13
-4.604293704628135,-5.654600606751294,18
0.6309265017536049,1.422243483307461,14
-0.7650739260885315,0.20980097836645645,16
-3.9634724729137454,-4.118531469160841,7
-0.8775169272924831,-0.18605687106795682,9
-0.8453977167069058,0.013352649686259575,19
-1.211304611858579,0.36461602747939775,16
13.242367343025759,-8.875479563664102,6
1.3876866726436552,3.7431511252124667,8
-1.0376356792324088,0.41969078853650493,16
-1.264261291189737,0.526366785020939,20
-1.2674046617815304,-0.40970495309156585,5
-4.492278982877184,-2.644168384998447,13
-0.7735824177368581,-0.08627766658515436,14
-0.3773625090943599,0.9164802036305654,3
-1.1262849122208902,-0.11198890573393265,4
-1.2418122056056424,-0.5126589195021486,10
0.15776447966190585,1.5985248254239082,7
-0.4682400049952663,-0.15122512199700386,3
-0.9132393574425849,0.1706076417160926,19
-0.6184897535912698,-0.06843419959071335,20
0.6193998797221246,1.524494847949195,4
-5.424720120081835,-4.533675084857599,13
-3.3217437931385496,-5.61287917759221,7
-0.6998518684210732,-0.0015700253830896868,16
-0.7890232301698422,-0.5675359632664835,19
-0.18373518294061128,-0.12444927405745919,19
-0.004510868111476959,0.7792556811060686,4
-0.2617340504433694,0.8627040384087441,9
-1.2756723099540004,-0.8879498992357592,8
11.16302571993406,3.859927978322355,13
0.8491973991154561,-2.040105667395591,6
-1.6341704943314033,-0.34724009250444177,18
-1.2449635099253331,0.18530497041889205,3
-2.2580270469980173,-1.918499978019624,1
-0.3400553894522727,0.802262827965506,14
-2.506121082651607,1.528316255802295,2
-1.0342559141679355,0.14197888059589134,15
-0.9102548441375672,-0.9646507058273365,14
-2.824060335949465,3.0139581711378387,2
-0.4929918708586948,0.24756046544667842,15
5.308850301695942,5.47853095231142,7
-2.686324554628333,3.106945423201775,2
-2.796319198107563,2.270172917212134,2
-3.560181048753098,-3.534252132867951,12
-1.3005420073903193,-0.07771183795631846,9
-0.7120323251271726,0.464319205276159,15
-1.1213799552318466,-0.08916757718217579,4
-1.6878786715764424,-0.7452342160654799,15
-0.8285673018499525,0.9367139665884967,3
-1.0231546018816586,-0.17706789197828135,11
-0.9989061470080832,0.17287019871685314,11
-1.5243890472593662,0.2273772947171578,13
-3.073444814098316,-3.930837356360791,1
-0.9093915762921676,0.41430776601938835,14
-2.409407246793731,-2.961626508043303,1
-2.3349383862673854,2.461235552887746,8
-0.7958236245219249,-0.24230017407040458,16
-1.1042666677612651,-0.057025605850817514,3
-1.7841478141864129,-0.5459036384178112,18
-0.791006306422017,0.7787210014095344,17
-0.8842677579450688,-0.024563203629388044,3
1.1500194084930957,-0.7288920435904609,13
-0.7729332726341271,0.03743474329581282,4
-1.1183254547028376,-0.6367362096111293,12
-1.090852292123191,-0.9816307572169392,7
0.47396089822938753,3.754582457240546,8
-1.043994442927734,0.6352564217485829,15
-0.7619380581843316,0.09731516622073043,14
-0.6386664107054512,0.12448166322938559,9
-1.049233339916131,-0.31834160718522697,8
-1.4646186642136232,0.12991510487145724,15
-1.0366206932347255,0.7353055428378577,11
-0.7539675838313956,-0.05335536211751886,10
-0.7273468006505411,0.4344608304621252,18
-0.6766801320240072,1.006302114768243,13
-5.756016997659433,1.676204733738952,13
2.521175389650388,-1.676988965487177,1
-1.1926300931845213,-0.09958442897904903,16
-0.4605333749687424,0.09309900653896955,11
-0.9139248772690899,0.1899056741364294,17
-0.9197026170147675,-0.043344908147808565,9
-0.7526924266205491,0.3125253121021716,20
-4.687746014386948,-3.842723271073139,18
-0.43864158002378817,0.4203525454086396,13
0.22090658567272486,0.8466304300399409,7
-0.997584700161075,0.7088795771378585,11
-0.6814693742638769,0.5200547366524753,15
-1.1397724831569738,0.08603424223142866,3
-0.548959085363531,-4.69314578675266,8
-2.832577001174362,2.347715146843735,2
-1.1160379994965708,-0.3600387151207344,4
-0.029990332696188584,0.7293905197612258,19
-1.2745385590066614,-0.5349795668382031,19
-1.1310287977282507,-0.3609721118745534,3
-1.5015409584065469,-0.3657051646264857,19
-1.2227845212781656,-1.034240731977063,7
-2.981304981808214,-2.6346820353767963,1
-0.5747416135670368,0.20003143968740492,5
-0.9354596689309453,0.30560138257599184,16
-0.6498735981295726,0.8912604523624523,9
-0.4499889254763375,0.6405599760827382,11
-1.249645363651953,-0.8996300399150275,14
-0.7200995899385234,0.1300454586790418,20
-1.0327698135810122,-0.1674832811923348,17
-1.5268289304530578,0.18093134110251222,8
-0.6338333851181096,0.3650217749983816,16
-1.5588903849526183,-1.7337614882071397,1
0.16883364239656276,0.5593969395910485,20
-2.294690341706047,3.1821973249375106,2
-3.064321229549036,-4.004323344326233,12
-2.0007744999932715,3.8063862017368044,2
-3.011872050911432,-1.708139785739972,18
-1.1116236616069506,-0.45591357802333304,4
-1.0361657272160192,-0.6493616616842547,11
-0.7507148697798401,0.25308266670093743,3
-0.6436989644378931,0.4378385864450166,20
-0.5253048749366936,0.5935464242979156,11
-0.37935356970594714,0.5213594800402156,7
-0.6511024568509797,0.19123161978142628,17
0.9997520242476821,-4.377952564997056,8
-1.1119266347210388,0.43880104310122114,14
-0.42393560603823965,0.36787641791936165,19
-0.0011397229310786893,1.5423891161369916,17
-2.1958286682453783,-4.022185372828381,13
-1.5143963619597045,0.39471979212085523,14
-0.9685192597567204,-0.12949620571470796,9
-0.857170452708666,0.06662301286794145,4
-7.766638879725204,-9.335712102826294,12
13.293725628063674,-10.055008249985908,6
-0.21841977784065658,1.3123507671492654,5
-2.6425591620927302,2.9324098245706725,2
-1.4280413206524505,-0.7798766967086462,19
3.670368030617553,1.40430331004576,13
-0.21273126473540518,0.07405687685936117,11
-1.9550350936059662,-2.3685478526586485,12
-0.566643885604384,0.21412454578055293,20
-0.9121788659843845,0.4078448854825891,3
-0.7634144363961257,-0.03132021899922013,3
-0.09925366346949734,0.4882451927544162,7
-0.5110403301024986,0.805254406302338,19
-0.21960664381600703,0.049154957484406334,1
-1.6038922270665021,-1.1718421366049219,15
-0.10663918307271557,4.042483354342858,18
-0.334196108676318,0.60420555005567,20
3.535809556150233,2.7712288786541857,12
15.452820365835429,17.322429324606663,18
-0.9146647454741806,0.560443856247769,3
0.21140264608862366,0.6116655243990086,3
-0.33905725679839377,-0.3711019314427427,6
-0.255039202169753,0.3058082119249764,20
-0.8972399481046268,-0.6297197166144504,10
-0.8885107512704907,-0.5877161087228574,10
1.9467409111190974,-4.365211671681367,1
-2.483124861061813,-3.6529528671794265,1
-1.5105705176598974,0.09293979877867746,17
-0.9419568892436785,-0.22269602181012949,10
-2.2108612045765184,2.200756325570409,2
-3.109218190828625,-1.6739904573636546,18
1.4085425924606578,7.593624828462146,8
-0.3687783505975028,1.2239073200385184,4
-1.4012405348913632,-0.32239698744574297,15
-0.5068282452647533,0.3231490850754667,16
-0.8926676314391339,0.17345805286631014,19
-0.9435723464737951,-0.5772615817577713,11
-4.167321538493455,-3.031729783382826,18
-2.1092283837115855,-2.9207856642725196,12
-0.6471625279209369,0.28079873379273057,4
-0.24932864509109437,0.7754754970508546,10
-0.44870871268615453,-0.7446773123336101,1
-0.49273007584993495,0.3795944713715819,8
-0.3165762510865379,-0.9624659648457634,5
-7.20805019135438,-7.170543999178684,18
-0.2565530802395603,1.0320688249769687,19
-1.0543919717709695,-0.2756072106728564,14
14.65164133758902,-9.106404727052464,6
-4.727060934669346,0.33975780519047105,8
-1.178670090464555,0.8836242686655563,16
-1.30823424982036,-0.553566486784644,11
-1.242090096123435,-1.13510626302811,10
-1.4043080493821696,-0.9506143645600885,16
9.33805623974811,-9.138370963937183,6
14.37504976296133,-10.217903374330483,6
-0.8842359413952188,-0.12035479971153992,4
-0.412144649236988,0.70861390859901,5
-0.5797321585129618,0.26847658591842033,11
0.4873862800561033,2.8745943463441694,12
-0.03299145045746317,1.2597655463486093,9
2.1067170432084326,-4.179071887441278,1
0.08565417137941268,1.2090707750105087,16
-0.4483564375806128,-0.10202900266096718,20
-1.315856692290763,-0.08862672512181011,16
-3.4100434332805856,-4.671322327622776,7
-0.6059757500306012,0.4877135447781568,7
-0.4703096041316758,0.5983162461974117,4
10.175379180921983,10.326034353550055,18
-0.559440755016115,1.09672938237512,4
-0.8725511259252139,0.11296876413981315,16
12.867593168242902,13.406778671853084,12
-0.13027525333049744,0.19818827388618335,4
-1.7867341591050407,-1.1604298724376005,5
-2.436868442871915,3.125612637514144,2
-1.4104750396957908,0.5142107859347725,17
-0.944554985519718,0.2587669503030732,11
1.7636422033487689,-5.120946407022151,1
-2.1579352062159654,1.8191787318176125,8
3.6063547102873104,0.28028879497020415,13
-1.424859239621893,-0.28200328106660727,16
0.1735029583808287,0.278874055110296,5
0.5308421880997479,1.5258140310294928,7
-0.8306383413904697,0.15289401840002823,12
-0.7513676571979178,0.2744804025263979,5
-1.4944406508627976,0.15644138994170553,20
-0.4827232689895921,-0.4233660659643571,1
-0.6248447883572691,0.061783658737619804,9
-0.642722215545323,0.13642458813129676,3
-1.0565134382052532,0.1690641942340884,9
-3.539641071469019,-2.3918081787293084,7
-0.18795634782188617,0.20706049871091192,16
-1.991614419743006,-1.559317122402354,1
0.6331295416959034,1.1023465011985591,1
-2.281348216137547,-0.6565671368656423,8
13.806091878885825,-9.875893286472907,6
1.027750593467062,2.9808026063229813,5
-0.6465548204797068,0.5480802496979654,17
-0.9855910048415649,0.129032619826062,12
-1.573714803929058,-5.830340294635915,1
-0.5090151228937092,1.0533469821857033,20
-3.9474031543827888,-2.2650705568839626,7
-0.38120725235090075,-0.591641068363324,18
-0.2381817237308019,0.908045831172322,16
4.226619163581612,-2.5923138591671533,13
-0.18999586502099688,0.446656848444126,8
-2.3643158713178147,-2.475815506935163,1
2.3070537847948134,-1.7650215178470623,1
-0.118935411056171,1.6586808076911033,20
-2.193393159917225,-1.6096316343439387,18
-3.0222635101062214,-4.260862990997196,18
-1.1248339440738275,0.33529866698697763,17
-0.19011170784272094,1.8685401757820457,12
-0.8404448566130039,0.44919441211521466,4
0.03597489088912399,0.4593988806186937,1
-0.9925410970628296,-0.21665764346014663,15
-2.3103611324191116,0.30551882833672295,8
-0.8544927419532219,-0.4713304431493622,3
-0.9142830934079098,1.200904944989991,19
0.2247573699616904,2.0695652292456863,7
-0.3085422316135094,0.4007572282327604,19
-2.413237719397551,-1.5189674991374669,12
-2.4373963955175735,-1.383842992132299,13
-1.2363906662222006,-0.5717748591060028,10
-2.0628707688544377,-0.7647514212808234,3
-0.975438148081712,0.1727154010830786,1
-0.2462834413674347,0.5888006462793256,17
1.2627640009435865,-1.7778857583113845,1
13.68478439284812,-8.176634756459023,6
-1.4690837317005168,-0.6735364630961501,18
-1.4916878589649534,-1.6293781085479746,17
-0.21685495501146462,0.46287537347967433,17
-0.4146340242804218,0.6908115543262181,10
-0.8358071376206386,0.32548550289739525,4
-1.2122174002334383,0.08281489652735902,4
12.009058865733381,11.828645971785955,18
-4.770268106560459,-5.146049488729117,13
-0.5717896206580241,0.1860153127601244,10
-0.45867068417002943,-0.5225282302193005,15
-0.389930150116219,0.1476868720138624,20
-0.43527992584263714,1.128948808349307,11
-0.5840981926559474,0.8771061456702536,20
-2.149372181682534,-0.01447300793987231,2
-1.892270964928328,2.5538584087838996,2
-0.7040559267024635,0.6226659861085557,17
-0.6934995006020106,0.5827611213866714,9
-0.49013528803747214,0.590650855998582,14
3.7746526844040376,2.786473978409649,12
-0.8352410781398263,0.4344368848597997,11
-4.271867270318065,-2.978542676275503,18
15.52654022582295,-8.589689905315169,6
-4.497111670802361,1.9264321151440533,13
-1.4697469185890106,0.11278864489141902,10
0.31923481764966055,1.4094569020245193,9
-0.8465467207798567,0.28319108062218634,3
-0.16926910865368558,-0.30249863613056427,19
-0.4734667882044473,-0.14540139406551447,4
-0.39032534623446996,-0.8466308916433444,1
0.7293792980866073,0.18878889087346984,1
4.397771756321779,3.910012971184232,7
-1.4712671764451144,-0.5820875204355886,20
-3.651857392478125,-5.288120968387302,1
-1.2699548893707144,-0.4618194721636724,1
-4.466873791566869,-3.382152780687732,8
-3.9006286740352656,-6.256614107775097,7
-5.433926304371015,-4.6820455434108235,12
-0.7875379671951948,-0.3414507254999847,5
-1.126581655990666,-0.22696455639972338,15
14.59977708349871,-7.71774245068049,6
-0.8306383413904697,0.15289401840002823,13
-1.694522475533586,-0.35581603075966545,3
1.9322351101376258,-3.1954189819048193,13
-0.5123387362448769,-0.16069698863617696,11
-1.1774779871816088,0.35560095881472376,7
-0.4559379586547568,-0.03960050668392127,1
0.25574858677535445,1.7387011481494092,8
-4.973816527275408,-3.141495876874445,5
-0.8395330320890051,1.7955070694198243,8
-0.8992068115742095,0.0358836965785906,3
-1.3872323864033798,0.011080903297185902,9
-1.631952073742415,-0.7464256613217941,14
-1.086272719677605,-0.27957560194324027,9
-2.0110506544414952,3.689635236886392,2
-0.9664951508934174,0.36795359554629886,17
-0.9132813591545883,0.07596198391317872,9
-1.3414929541296354,0.8180695688851257,13
-3.497713268804929,-3.0760702340705515,18
-0.05108067265985989,-0.025868680476689068,1
-0.2924852205781601,0.45245837074937817,9
-0.2405389645114093,0.11781711432655714,16
0.4709923386979746,0.38490370483021896,8
-0.956159621203272,-0.15911387902257762,14
-0.8203772095612641,-0.5414800709096677,14
-0.9326069215745116,0.5152121425838053,4
-1.133644734850196,-2.0544799243220258,7
-0.6649465907641656,0.34741220135462947,3
-0.9025418812763967,-0.5644953287449672,20
-0.5256566750316105,0.6977098094673317,4
-0.33279963000679774,1.1913010314342862,5
0.07960802843792003,3.1684255875574387,13
-1.578556386328915,0.06704088259807138,14
-0.8173819825202775,-0.22605422136908102,20
-0.8192703800856465,-0.42559763544672474,8
-0.7964582498552866,-0.2515295593543237,7
0.019586803530339772,1.0354071296236427,3
1.7907270519055993,2.830630756896016,5
-1.4427462263739779,-0.9839690013550763,4
-0.2088571653326079,1.324306012062243,3
7.6915916192290235,-8.637010876431702,6
13.593520936592652,-9.496528440482631,6
-1.0125042539593143,-1.725776329364261,1
-0.5252298068809698,1.307695673520652,16
-1.9683485557434928,3.3753801350296375,2
-5.508579068146372,1.0719118080150916,13
-1.247443006685431,-0.18550311767104133,16
-0.9628197068289842,0.40406387444530445,3
-0.7100302790950404,0.32427668719954234,10
11.13588363003352,-10.582635199315117,6
-0.7194100568865687,-0.014920142271252447,3
-0.7423839126484533,0.29289287696335103,11
-1.358490106011113,-0.2270758384218294,16
1.5775089682869792,3.1561561004554886,5
-1.038330771481233,-1.7349541822988217,7
-5.9939925790577275,-6.096969820706768,12
-2.1267927536543847,-1.0144419509515874,8
-2.395648626236883,-1.8172987374765006,7
-1.7831595164691127,-0.3099921311505753,10
0.4986836539298357,1.568356132596634,7
-0.8396066835481448,-1.3509551265773865,1
-0.06166400255621702,0.7962754667569943,16
-0.2750678821253735,0.6991432738866263,11
13.630410497907604,-10.459672934178014,6
-0.3927367476139252,0.9773092527919283,20
-1.1651154555477186,-0.4016809283326371,20
-0.4331709928758381,-0.10854713582511927,4
-1.327582350795863,-0.27706827097097897,11
-0.8340144639452638,0.45292562913882073,11
2.9046273749480487,-1.3476969427969667,6
-0.4312558852687917,0.6151038309492175,3
-0.6203121924752343,-0.09720810534731697,9
-0.39900916311677864,0.7706735670289095,9
-1.490635490262885,-0.7547284915472882,16
-0.9395892395714672,-0.025776325967136332,15
3.7408487130204016,5.20831337574384,18
-0.1916131062386915,1.1040428766619577,15
-0.3301625440239418,0.9954076100609895,4
-1.4151250822644657,0.14743757581985587,19
-1.299691155324824,-0.38830852321725906,15
0.18251228694816937,0.37899662488499064,3
-0.8882343892612828,0.08196721749187036,16
0.23513367008626548,0.6027169717068014,4
-2.622268738078103,2.9610529885606955,2
-1.014735262707457,-0.17437451833855244,19
-0.8798563094071533,-0.816507373053292,17
-0.7789855938034358,-0.05766062649244073,14
-1.5590557183749072,-0.5980908036115768,10
-1.5355219380422886,-0.6207598378186995,15
-0.9710573018190425,-0.1327346472122778,11
-0.6063191592039135,0.23004483935677114,13
-0.9020006426779803,0.1437010377122766,7
-1.4522615747041694,-1.3770865084893407,1
-1.7518945017040712,-0.6582415532814392,20
-0.0047880382058396245,0.44564013457927903,3
-0.3649606227903344,-1.3565962659122126,12
-1.132538275366754,0.27151193292871106,3
-1.0346766112219319,0.18819741557354067,11
-2.4998667416515477,3.403994585060605,2
-1.1604766485799318,-0.2069429709688631,9
-2.2455817140488468,2.901770116025556,2
1.0766183544586194,0.3246863714167471,1
-0.9174755146942501,0.26247100801132595,14
-2.0594363867369663,2.9438123435405945,2
-1.7003508935601934,0.8976951526469261,8
0.012653933672434486,1.8409333476067145,7
-1.1471925362426003,0.128866999526552,3
-0.997584700161075,0.7088795771378585,18
-2.38155929123413,2.080572396126993,2
-1.5126091853489176,0.14402648713860403,7
-0.6918002383383669,-0.262106993115719,16
2.360881562928256,-3.355938951823565,1
-0.7161492888837525,0.1007712415662591,15
1.3613630850033853,-2.8043210234423426,8
-0.1651420139593004,1.2198735562215013,4
12.746110164450705,-9.320150722507575,6
-5.567873183979294,-3.778625904519325,7
-3.358854909108541,-4.232702209038735,1
-0.9341293423960688,-0.047039553438381475,9
-0.6701702961062064,1.7507074318345497,13
-0.7248902408348307,-0.32184227263791,8
-1.328889429231329,-1.0427937357911887,11
0.9311441081552306,-2.23962407195995,13
0.051638713329168,0.6349235464283349,7
-1.9764786170376247,-2.18124809562391,1
-6.606267250261067,-6.507093893422166,18
-0.881582006718435,-0.7882380450880936,17
-1.6870527795759196,-0.8124975127422652,15
-0.7583567243680283,-0.06079277555784974,1
-2.112395169194946,-0.10196584241163135,12
-0.5526950765694879,1.2926371034415622,10
-0.6549632730060337,0.5491509223279178,10
-1.5709798616179917,0.1607097410718922,19
-1.827086133990809,4.280140889406009,2
2.1683413068355777,-0.8494428857052454,8
-0.7969028938146919,-0.08504408929874775,3
0.8142417153836874,0.7590802617474645,12
-0.3324050424651239,0.5756396246511799,3
-0.24520128323440107,0.24324846411997136,17
-1.2153471846014223,-0.8914347796144599,9
-0.8847402063088828,-0.3386870513272664,14
-2.6981708584439303,2.8886043519528566,2
4.025066928349669,-0.7861613464273494,13
-1.2281332636920665,0.10954905888938576,12
-0.8077887553107446,0.3919791517501293,20
-1.4195944727395216,-0.8411593534397013,4
-0.48930608008630905,0.6100774073846893,19
-1.3790653767165357,-0.7971688095501599,9
1.6010988418233134,1.600826750390715,1
-1.330559198749721,-0.7016084293228266,19
7.967248707490818,6.4795257565481945,12
-1.4934027713443263,-1.0941841814819966,5
-1.0980814551755584,-0.4133385849129975,4
-0.20964708262331208,0.5069182458250153,20
-2.637047358087006,3.2397077183025242,2
12.809196448353747,12.369166341652726,18
-1.1229222152507763,0.8023382878801214,10
-1.8775912209836705,-0.7628733673193584,15
-1.2115953349350426,-0.11481848096342198,4
-2.7024279670787013,3.1479079901086116,2
-0.5899431177271576,0.17042151604181693,13
-2.668262634617813,2.615999689838617,2
-0.7641424490036713,-0.8875482383602771,1
-2.5497525808329558,-1.3943386273900098,12
-0.6492043197674118,0.5228331037887912,9
-2.4826107990554713,-0.5533381479569262,5
14.199638850735045,15.350570544600673,18
-0.6879265609678379,0.2903565270939007,5
-0.14657047021034508,0.5112797224111197,14
-0.5347225532020432,-0.11083462875337075,3
-0.8511085666103163,0.6436109879103408,14
-7.363428182817286,-3.6666660089925154,8
-1.473132364862591,-0.27213702306685517,15
-0.8437147428217684,0.3779696879917157,17
-0.5615957083229983,0.6775633308403876,5
-1.1475688263111874,-0.05960656300911913,3
13.342922752904112,-8.160158300364657,6
-0.7877480057590749,0.12427835753287761,16
-0.49535977363339107,1.0438277490112546,14
-0.6681163898271026,-0.2887116531502381,3
1.0705148980283057,2.648882692061262,5
-1.905431974142608,-1.2404519858780572,1
-0.10248551225736391,0.2849009415916143,7
0.7697671107840849,1.5846103567936547,12
2.2418232037904677,2.6240877924268906,8
-1.1695894773628308,-1.2818180281002183,7
-0.0639834814959261,0.6242883638256584,14
-1.5735359841433494,-0.42627688252620044,10
-0.5898583892677511,-0.11696600377975089,15
-0.6522879740987538,0.8906322838227001,17
-3.794764763498507,-1.942892491622444,5
-1.404984767509322,0.280138939657239,3
-2.560207759748257,-6.261143236593234,1
4.273596976588193,-2.511199148179722,6
-0.6653311190669314,0.3529367709456685,3
-0.8636555849577902,-2.7646981655902483,8
-0.15182769477849398,1.7746233921350196,14
-1.0146648395293403,-0.6393716733803863,1
-0.3194959418407985,0.603343863224285,17
-0.08716933562061256,0.7352674255054626,11
-0.5391980031522261,0.11819473553767855,15
-0.3804891463378569,0.3417950209783593,18
-0.9999647322076497,0.709278304199037,8
-0.7292185048915,0.6514428681028497,11
-2.1138242884337357,1.225813848278211,2
-1.7529472484648687,-0.40293369770358833,10
-1.1437588148412436,0.5690675528154614,20
-0.5284625049288394,-0.30394283417523893,15
-3.4210259222475963,0.3107472961204054,13
-0.44900367783981066,0.5723825422733375,16
-0.030993759374966904,1.0006125667516024,16
-0.9109421618664147,0.6496525049566679,18
-1.7096863348570885,-0.6657461232950266,20
-1.1633223044244507,-0.2147084823736313,16
-1.020813047221005,0.27415030706149995,4
-1.0363121185399788,0.12966910755218308,13
-0.7112916032361176,0.3399555205552765,6
-0.4937153777365911,0.7645543730951528,4
-1.087676478289567,0.1494862958420766,14
-0.973183140280954,-0.585990034774782,17
-0.7847208218338898,-0.8947799019697947,1
-1.3875031054925164,-0.7753519275125781,19
-1.371156425385885,-0.5078532554253923,11
-1.3727040642765436,-0.13118080179654332,3
-1.0425973239570028,0.07973540546546075,3
-0.5305543942924702,-0.1165728516536364,1
-0.48587063323248453,0.2733354330117911,5
-0.4547207014435537,-0.09590546679864657,11
-3.0807324025262464,-0.31419533092759383,13
-2.8175051308764374,2.699855894108415,2
-0.6785762494573601,0.40461948469394976,16
-1.1434891311227973,-0.22384777811652415,17
-0.7401555134348489,-0.12457601263270426,15
-0.6381095408205926,-0.30278409957864977,20
-0.7884235894152992,0.3609610541408948,11
-0.5466197167118289,0.9512579253495789,4
-0.8773166386170974,0.26426261436326814,20
-4.452471363234524,-0.672583729361629,8
1.8861337944940415,2.3969420202273244,5
-1.1447958610749343,0.428099118183152,16
-1.126880435583183,-0.5495726791886133,9
0.5716540921120185,-0.24583467003112253,1
0.6814413306970223,-0.9189149809788427,7
0.985518689566861,0.8704535827744265,1
0.6456548879879701,-0.5009397599691611,13
-0.6644611568412451,-0.3091307975503336,4
-0.9224596925222684,-0.21689996301664705,5
-1.14988646670487,-0.12293523366630578,14
4.705977524896822,-0.8074717402072717,13
-1.26010180698037,-0.5713769679097009,9
-0.4666027802026098,1.0004825122491907,10
-2.477611401284015,2.971292071832393,2
1.201216400630256,2.0845949828335715,12
-1.1948086238066609,0.7331464026163421,8
-1.2288930615143694,-0.08712841457803228,15
-0.9784502818166838,0.09865041254343412,12
0.852956286198802,-2.56587501256144,6
0.36519571860569866,1.5383625857903827,12
-3.5707855717155255,0.1060159310103397,13
0.05977725291591079,1.663405065591462,12
-1.0559956704581643,0.059043371228015104,14
-0.9805745146517104,-0.48111311366262616,5
-2.449142337378028,-1.8494553496065143,13
-1.670641871704751,-0.5202834331191393,11
-0.6679566098877815,-0.41891771141007095,19
-2.263463964182392,4.232007227338104,13
0.39772351316603216,1.1786533854064722,5
-1.1003363329042612,0.16556738370603755,3
1.0255660681967098,2.093406588555487,10
-0.39338237391011965,0.6075996254134287,16
-1.0506611950980185,-0.27999848016013246,4
-1.0058875159374574,0.8111974106721351,15
-0.4065602660742963,1.0201709155970413,11
-1.3346400277500639,-0.1179394138088647,19
-1.533749800067273,-1.7790150831125076,1
-2.918479679446545,-1.4759600873760885,13
0.5268091524814231,1.7792116181635869,12
-1.4710622150075423,4.525944341616033,13
-1.302431036932773,-0.5851467330556268,16
1.1732843522132188,2.755730073464984,8
-1.9503948182024682,0.06416304855407524,2
-2.5961121741472035,2.9161914758014076,2
-1.0177150819323038,0.5628273131796679,14
-0.28259469185209735,0.7049516118895516,3
-1.0492452842787563,0.4235192818226925,14
-2.580201568674756,3.0266617606727664,2
-3.752388723686969,-2.5869009863635624,18
-1.2469309993058892,-1.2036339085873642,8
14.892010348679072,14.46567099047511,12
-2.4587452058439196,-4.089135957056016,18
-3.092777872172415,-3.8653510364618087,1
-4.005244292721708,2.129424337839825,8
-1.118728426479746,0.21893797594631711,14
0.9297318770688524,-0.2385121338118579,7
-1.1427404554708191,0.2836020034362215,8
-1.6596202591938098,-0.5265905854652592,20
-0.8278963996178087,0.05552516037092647,3
2.8466491373734657,-0.8071051501457459,8
-0.5872025194648193,0.5587623526350142,9
-0.9899381579135134,1.0183664066305127,7
-4.311740355169573,-2.0900430521891367,12
-0.7961016623152652,1.0701670130468945,9
0.694453259161439,2.111083053946086,7
-0.8829943175479518,0.3473690080639274,4
-3.2048118288591905,-7.192929272224065,13
-1.0503738253907158,-0.9568796394434527,4
2.8692254795031564,-4.201753492191027,13
-0.7982228062500744,0.5701711238021401,14
5.80750346153562,4.2021285040182885,18
-1.0748589015236176,0.3298912569745875,3
3.160698721684661,3.677463349165855,7
-2.3487429812851515,2.781017661338721,2
-1.2498581556947452,-0.7502374162973148,7
-1.9585664429744534,3.8527651036638604,2
-0.46252884089281837,0.23148986538599234,15
-1.6328350269165117,-0.9929330966364129,3
-1.3009367455710388,-0.11258296392253615,9
-0.6130502562661501,-0.12344638081805556,16
-3.2344591379532313,3.62072070908542,13
-0.6788884902593243,0.7011985667577961,14
-1.4952655470313954,-1.096748960397713,9
0.30745219483121955,0.605378488443936,9
-0.43038938122140374,1.1009755413661149,13
11.947479611418306,-8.942519649302675,6
-0.6732878331345731,0.4054257382909158,5
0.7009096774026095,0.9773773590978905,7
-0.7716719818481541,0.7926082985803253,17
-0.17316670209498924,0.4523201210700372,3
-0.3179458658651759,0.42205519313355977,11
-0.7277471348666826,-0.16812722537041805,7
-0.9470044799978661,0.26225407392240646,4
-2.4194249118321944,-1.834135476917981,18
-0.6185855015603128,0.08299735722501833,12
3.7498569681711578,3.5474759040806876,12
0.9971168952609499,-0.568273107980756,7
-0.8847923805013526,0.3423805448014881,4
0.0024372166905085187,0.022100986146144815,5
-1.523281196609734,-0.4933976790922417,19
14.688006921493816,-8.310077093453463,6
0.07164995217968864,1.275154564233056,7
-0.9426946066768823,0.29688135027949575,14
-1.447585317187388,0.6549515726443326,5
-5.552738846686677,-4.273759766534143,8
-0.8306383413904697,0.15289401840002823,9
5.7275286260541,7.626808470568561,12
-0.7314765337542465,-1.0672734279829568,7
-2.0306414239124813,2.914871481896234,2
-1.1696651464030519,-0.48533433607115906,11
-1.4043799750793249,1.1121431159947,17
4.940788199453513,-2.5086028829968474,6
0.3718131014588578,0.7244727767359083,10
-0.7026314400297625,0.8098425085096019,15
-1.700190824013549,-0.8354494888652045,10
-3.4681409270554937,-2.163325852272321,18
-1.564224015499448,-0.25218327724453976,3
-1.5204161125902425,-1.2524481862134922,18
-0.7603594102283757,0.40964167850376954,15
11.393943358610146,-9.057674221349458,6
-1.030470438392318,-0.8484342208089932,4
-0.5743503500799347,0.9481789890197561,18
-0.8982650895189012,-0.3776871293781339,19
-1.1759520941150137,0.25646108165426595,4
2.3546911761150877,3.341622751027581,7
11.941065660700172,12.400773084691718,18
0.14948835042151734,0.30444670559878073,7
-1.266971514393624,-0.015815041985089665,14
2.119014274597775,2.2796288894536367,7
-0.21950968609914454,1.4400081391079604,9
-0.6535219695100615,0.6327697889555051,4
-0.6437768944743492,0.6494156441606211,9
-0.7161053271565279,0.47280184815140686,16
-0.582280010313801,0.31127580424364854,15
-0.8217595841603705,-0.6171326428477961,1
-0.9908676831423123,-1.0459778172776697,1
-0.7819280210090848,0.34777978668406895,11
-0.5253425173301369,0.9954901931550125,4
-0.8575538830943851,0.35613727636643283,15
-0.9567408006505155,-0.41147784896703343,10
-0.920472153032748,0.08371632056665121,17
1.2202417697598247,1.1768024000043995,5
-0.11397683841975559,0.4723416829539392,20
-0.239720914967152,0.956442935705027,7
-0.6439849841778198,-0.550918593399922,5
-1.0558924242691345,0.19754217567735827,15
-1.0419386233054995,-0.36380536547677467,9
0.5247147799730808,4.947493331369874,8
-0.7823855970503018,0.6444027167858918,3
0.5127296893393146,1.443654473932492,1
-0.17604806797423941,-0.13131019982384376,5
-1.0365457081471263,0.483038336239967,14
-0.6590138034914477,0.1726478166566968,11
0.13620251462710398,0.9016659572932753,3
4.728173759797255,3.4849296320918843,18
-1.343880562409252,-1.3862879227369118,19
-2.8225622441644136,2.5977270281668665,2
-1.350897435478285,-2.5719402488733016,1
-0.8167279781692648,0.8678724001986896,11
-0.2159101846313234,1.3624646191615515,3
2.4808287014674146,4.774650682835381,7
1.439512633998428,3.0478273666678364,12
13.997415222854908,-9.668870864830575,6
-0.8825071866214979,-0.32242288869249003,4
-0.7999883764571089,0.8065621280328912,13
-1.0049353651065533,-0.27744516208379333,16
-0.36532873822284045,-0.056955953909693935,20
-1.2550618917359937,0.3848127234000195,10
-1.150926214365225,0.23088130145603508,16
-1.1273641949365822,-0.4702132808281169,5
-0.5657199708906999,1.0941486003717633,20
-0.5442588231246677,-0.16473928810804941,17
-1.065949279743606,-0.88648978964013,7
-0.4859730789891544,0.1789253422998271,4
-0.8491922113133544,0.7302132310768088,15
-0.5951578926594754,0.2295937488854976,13
-0.9639911799891218,0.08785666531485098,10
-0.5374067807688251,0.08913094485841849,20
-0.8728337387235678,0.41198617010096067,15
14.061050228005755,15.194664391407958,12
-0.7277782153453217,-0.15372183076059504,20
-1.1037685922789333,-0.13511302912127987,17
-0.803784099894197,-0.3075199347215009,17
1.1991284098296087,2.085381336227171,7
-2.1038484050319353,2.7356502359530275,2
-1.046200701302047,-0.06282109319863767,2
-1.2111742979193107,-0.0058546707931519636,10
-1.009609887781105,-0.3808395163357039,10
-0.42537804030821985,0.9317614146616119,13
-1.3129515410829231,-2.7121482443463103,8
-0.3522297320458439,0.3454650741771218,19
-1.490390138080688,-0.2998456452074172,20
-1.3282983092107532,-1.0480601195237251,5
-0.655919257168048,1.4850717930636452,17
-1.331126012794492,0.2597732733713757,17
13.140672380044794,-8.257392477715584,6
-0.28771313815526467,0.586735884873439,16
-1.2356621099688643,1.5596384079312844,13
-0.050604236718803944,1.3829204013441512,12
-0.9636254334428916,-0.004654878378133535,5
0.27702108314613094,0.5069761931490537,15
-0.9716481136802654,-0.7295911666207127,4
-0.5602340427753624,1.007744869848553,9
13.024173346478008,13.006593252724395,12
-2.6667605892915347,3.051403379754257,2
11.977503782787872,-8.085898198577125,6
-0.3970558916287243,0.505179199097721,4
-0.6347691283704469,-0.08068400865673528,3
-0.25295351977795794,0.010984499627780177,10
11.932363644004598,-9.558631312325275,6
-0.9968209385874025,0.09114616211079045,14
-1.2865533686971136,-0.060373894278990634,8
-1.7366485475639692,-0.14621683628168836,15
-2.2232027131003442,1.934575328170991,2
1.858778186572369,2.287624816652874,5
-0.7663688532058238,0.5218769673306747,17
-1.4520847105743737,-0.6669540631789289,17
-0.6934994159854819,1.030816160128876,9
-0.19291851050938771,0.9192719843902644,9
4.702926005024491,3.8884482407994856,12
-0.30783355420640646,0.6094355470823467,15
-0.6886293379240447,-0.12922342331614223,9
-11.96996540059745,-14.657384297269052,18
-1.171874204913295,-0.28316850620789186,15
0.042651041357333136,0.614523036071359,7
1.7710842324281828,2.994438848512488,12
-1.0876391725864363,-0.224359948245183,10
-0.14353132011406183,0.20137696729285184,20
-1.2190759221581033,-0.5023997836181658,16
-0.9629477754621782,-0.1108296812692647,19
1.8280095047032405,3.2279999025430612,12
0.2860073966265816,0.605375314744026,12
-0.7179624088550284,0.3289799391642868,19
-2.537674857659553,2.766226881341978,2
13.792197079231954,-8.545009848551452,6
12.527794519159809,-8.919731899924816,6
-0.9672785651749348,0.4215392227572606,19
-0.9708291477066562,-0.42492392145467645,11
-1.6169365271535932,-5.596264993912661,13
-0.48357243735484406,-0.07869641142360348,14
0.7467916791573062,0.8102688618151882,7
-2.2555310344056267,-2.742234134756256,1
3.5036779252292525,-2.261925658080038,6
-0.6112448773663952,0.41336445367959845,11
-1.4927099515192,-0.6148223279239329,4
-1.3177588367528943,-0.4062093779380814,14
-1.2779607112131415,-0.13130946535357757,14
-0.6304150359797985,0.14473019980048998,15
-1.2528458759451888,-0.36976244627766564,14
-0.14484205886559762,0.8727779206489655,10
1.7463106023819523,1.554845982513401,1
2.371590539727956,-4.017268756506793,13
-3.958418497390348,-2.2446918500341755,13
3.2184128968620285,1.1791927311346115,8
-0.827011359649152,0.23608786682145805,17
5.60165844433823,6.822435277848298,18
-0.9910566312920024,-0.5955188198660538,14
-2.339816644654508,2.674572534782718,2
-1.0207003238693928,-0.26481242097821517,18
-1.004440871655759,0.8215598205290849,4
-0.9106246460927951,-0.5131957080895834,20
-0.056458442217429274,0.42526143347672685,12
-1.106845761528247,1.246598026036639,17
-0.6533668593237023,0.32345303304951084,8
-1.0734250788094413,-0.3941493299841762,17
1.850068910698181,2.0362246714013463,18
-0.6996162692259837,-0.31808946419874895,14
-0.6626101920492232,0.7572468406846629,9
-2.0894692580350287,-0.3970493887453587,12
-0.47270412697253134,0.7598650290824505,15
-1.0496933740116143,-0.8323466123747756,7
0.18596695555899026,1.917517302577509,12
-0.3524745332743145,-0.0675629706268526,15
-1.9723640287879032,-0.753420260324045,10
-0.9274675313754807,0.12541605801524844,11
-0.8242843358026557,-0.2521410234127973,14
0.36528964452050344,0.016171154254300293,1
-0.7108212395809612,-0.05463064064672075,11
-0.10751967279345118,1.1457960644749254,20
-1.7152259648165475,-1.527806194522209,1
-0.36703846852933397,1.2887204576737932,19
-0.8629528254837667,0.7049672121639011,3
-0.08393647193402277,0.3304238173392956,20
-0.30145484418879265,0.02694309818081583,8
-1.613475668013974,-1.0190389297459768,20
-1.00306546314689,-2.1135783806195403,12
-1.0379722735093693,-0.47056491564629505,4
-1.0051517516714639,-0.35293146828251876,11
-3.0615828175841076,2.076626194374287,13
-0.20541292780003198,0.487282089570304,8
-0.3210342759764965,0.19485512115825315,5
-1.7540707122614347,0.18039985887613424,16
-0.5467538273723087,0.576238407200899,3
-0.31324941732484574,0.9746204732209773,4
-3.5769920989784607,-0.27188458695828094,8
-0.3874156435216599,0.12689604148977768,20
-0.017621752262848046,0.3872222807494144,9
1.5214007914741512,-5.536738539499874,13
-1.4661403901628334,-2.285518910876814,7
-0.7663642053297969,0.3303369225980243,15
-0.9961728187037935,-0.06752644148746285,14
-1.7624716820122204,-1.8613433182457368,1
-0.9714368390782059,0.5862705397239377,14
-0.6303315408477425,0.4883342534830577,9
-1.3094081603105214,-0.11791550252459818,14
-1.7651351284286267,-0.3134654797992148,11
1.8547058150868316,-2.1765676806021776,6
-0.33030731145551906,1.0364593616363091,20
-0.23746614054392443,-0.17718072236740853,10
-1.0831759806054995,0.6785269591119943,8
-0.7866178590248165,-0.392105005334622,16
-0.9629477754621782,-0.1108296812692647,16
-1.915920932610719,-0.32639760840705484,2
-1.475533198388991,0.06765474107038291,8
-1.0447770619428605,-1.3870166866924412,5
7.5407708782891385,-9.632345551674693,6
-0.6291364590977889,0.4102910266798146,4
-0.7358006271861283,0.6620879850829537,10
-0.8410960401245755,0.43874286488968384,3
-2.069365879708194,-0.37348077343134156,3
4.8241954727465854,4.574146784964655,18
-0.11976227862654498,0.3927126377655582,15
-1.1108321871668447,0.14075317279283017,11
-0.41703852890851234,1.123951849252485,17
-0.7208353308575268,0.6781888423324194,4
-0.6436914327402183,0.314016920424814,5
1.1009216495064504,0.6356725745501584,12
-0.4984285603957404,0.9116029296853538,11
-3.3910201531784288,-2.616984025423045,12
-0.3094356075671979,0.6651553678829911,17
-0.9775712707995099,0.012422178729409676,14
-1.0520375741194699,-0.40878281562914515,10
-0.4719752146184438,0.5392986358763059,10
-0.7241059033027453,-0.12059691112362936,20
-1.3775756460845143,-1.3059960524736884,7
1.870300210537561,1.2589851839140676,18
-1.945036700447065,-4.331898624170281,8
-1.2987906110676395,-4.891547877596274,8
-0.7116724747133862,0.5915055029101237,4
-1.181689500297073,-1.2798080758245658,1
-0.692267674510191,0.5370519752087898,14
-0.721526848956891,-0.19366481769118057,19
-7.564459276198022,-9.770318795467281,18
-0.40579222705105084,0.5149847633237546,16
-0.8724886120668128,-0.16505681956282198,20
0.5278208521595028,-0.3105959856898894,8
-1.0808428943729191,-0.1979197966195609,11
12.240032437018394,12.700912937074333,18
-0.6998418187556728,-0.12145740614888277,10
-1.2744583232842293,-1.2174104107254253,1
-0.30119905334497166,0.45392189979532493,15
-0.7206751814125067,0.4267704454582004,15
-1.425541392616371,-0.9054877009924752,19
-0.5889248460763598,0.5626391736746864,14
-0.591428433292539,0.338822127439455,10
-1.3208653025889825,-1.115041485555689,1
4.880141828745951,3.395509413737687,13
-1.1210887460948455,-0.17407788341381192,9
-1.1910302308318828,-0.5065744766752155,19
-0.9383488129815818,0.862148370119799,2
-0.7611427230171375,-0.022804984619694983,4
-1.2955266458364112,-0.7717873170689512,20
1.3418357441469944,4.28181796091636,7
-0.20541945971946476,1.3142575335805258,9
-0.6843091241947863,1.8412627663273458,14
-6.032342732996381,-5.764219288419399,12
-0.23521828893526786,0.7641810455513707,10
-0.48068023884144,0.1871635374532261,14
-0.19671557202919857,0.5103503526480513,7
13.792946905582516,-9.170103346876967,6
2.2187178507124554,1.3339063890178453,13
-0.784521588217305,-0.07242464291360709,9
-2.1626135976584004,-0.7084806965851882,18
-0.896153031575931,0.49747969030335687,12
-0.8533510789251402,0.5201778912476397,16
-1.8952756002432958,-2.0293817200523447,12
-0.7519545473350574,-0.020386185138416262,15
-1.971237194746285,2.3271324889739415,2
0.44808997480888635,0.7645143943111641,7
-0.4680700913824263,0.7816593167022284,15
-0.793743734308405,0.35536342509022384,17
14.774463337489323,16.512846815135273,18
-0.6582320385970831,-0.07228868488344313,20
-1.3611903348609624,-0.6234066332190403,15
-0.810356738049388,-0.20322140202417416,15
-0.45653562109060114,1.0764036411556177,8
0.36508607449608377,1.2973491490591955,7
12.077029252972752,12.242281595497674,18
2.359850982973042,-2.8051275576005326,13
-0.5824087412516322,0.4227246289832289,3
-0.8033264054089116,0.7707346184712427,16
-0.8623741654198377,0.9045517551745225,19
-0.9669270256127518,-0.15184574552634475,4
-0.6289179754275325,-0.08769860889092143,14
-0.9735556477857961,0.2925446833670076,4
-1.3481920677587,1.3168785320004952,2
-0.662776936823415,-0.06132382945993896,19
-0.6862419871580261,0.5527178352322893,11
-0.37555710457949326,0.9337789322098572,14
-0.8999378936544926,0.28092575879812554,15
-2.636874880985902,2.3448606029134362,2
-0.8917450477946512,-3.8913881325023687,18
-1.6815865803248222,-1.1411008275529535,5
-0.5984900311999338,-0.7229574746204745,7
-5.692418196909415,-9.71567304566465,18
-1.5031012407351634,-0.5011378702244046,9
-0.7277471348666826,-0.16812722537041805,4
15.5180463851327,-7.277312424486888,6
-1.1873844681145544,-0.47968839078399983,14
-4.238605170468804,-0.28435348052944304,13
-1.0870361609137813,0.2725564199246274,9
-0.3379400700811811,0.9081416788076052,10
-1.0590443083535108,-0.3705116255650854,11
-1.065364703479116,-0.37991900643444365,18
-0.9025667439279418,0.08510879040739741,15
-1.78826861193983,-0.6228975749677507,16
-0.6323194969708037,0.22189229354841697,14
-1.3172717420480116,-0.38345709050544513,20
-0.76906456767027,0.019062154408709925,5
-0.9629477754621782,-0.1108296812692647,14
-0.8389731001655808,-0.19596629638719293,3
-0.2929633960394531,0.8378981626410279,5
-1.4684255987943378,0.31539730648745323,14
-0.7240404042507959,0.17249120234598847,5
-1.6727996503118685,-1.6873984925727739,1
-0.21492208288892442,0.5724554371375747,16
14.56013167015692,14.377900674000694,18
-2.7741743802399697,-1.9000821456749313,7
-0.8739202197841844,-0.19416955026897476,20
-0.31263027605358373,0.5726540626567717,9
-2.5709904844915696,-1.4132256669324073,5
-0.49063164354262045,-0.836953186259191,1
-2.046444886824975,3.165417157576243,2
-0.7904569722891398,-0.17442496838840726,20
-1.1053678652878198,0.34069241218241986,9
-1.991068136329943,-0.26595369231325455,5
-0.6536515484886173,-0.6230650072085386,11
-0.8796929463320384,0.397530052093545,18
-1.4442774253052384,-0.5059843845927889,16
0.10316937131291208,1.4952527055526585,14
-2.6850594007727357,1.424705924174662,2
-2.1516596886112387,-4.141019128913479,8
-0.6976960449461526,0.123415412952321,16
-0.8511449991149298,0.044874405559292035,14
-0.5376735393670746,0.09651915148614967,11
-1.492041329257092,-1.0296652115011862,4
-0.949223353929553,0.34491758949253687,4
-0.7380676644809097,-0.005712607403708486,5
-0.39900642576590817,0.7606000224188332,7
-0.8668030034051791,-0.6340190587945993,4
-2.1009213258530384,-1.6938975038613615,20
-0.07128217463243888,0.5976246663336922,14
-0.5844406254113895,0.4087578549267966,14
14.485713117311686,14.552528050169487,18
-2.2941629760241,1.1404228956082003,2
-1.0350006211684275,0.29086017732929376,18
-1.134661874795727,-0.004339420937802348,10
-0.3376879551996702,-0.010464589400938893,12
-2.2724954277535923,-2.1587623209059497,1
12.865148243796686,-9.041231610564783,6
-0.45043614246072655,1.1058264712377772,11
-0.841112818021799,-0.3312073103679472,9
6.8415138683197885,-4.9574120519689995,6
-0.4642827854525735,-0.004704951733422363,11
-1.5690471882319945,0.14335210003983131,16
-0.9090693030532353,-0.18974266181884136,11
-0.5867605457247318,0.5880325269099591,3
-1.0031703299284913,0.38882887394477206,20
-1.1759295011827393,0.38062812327699475,10
-0.38165402794060976,0.681732002139855,15
-0.4885066585889245,1.0296469932383698,14
-0.8030290489440501,0.6476584947093577,16
-0.16700176766482963,0.49407456100818026,5
-0.5028213672069425,0.6414279955926658,9
-0.6217926442582786,-0.13662004827375804,14
-0.3106199602850699,0.44562417321493486,11
-0.4232467272373027,0.23074254410768377,20
-0.9043043303937036,0.12421740745179058,4
-2.178018713570514,2.0350226831896334,8
-1.4169282072487255,-0.1063461082007997,19
-0.7423228442193122,0.21061400623695672,14
-0.7317788541819711,-0.2862344628630755,4
-1.2289981724047632,-0.26181635042531937,3
13.625493701528661,-8.155889121102573,6
-0.7091098307920543,0.24487127927403848,20
-0.8475685762385861,-0.025236983759479956,9
-0.8861812210038014,-0.9106761780835235,1
-0.7535585873064561,0.3734147046469829,9
1.0300789142285787,1.3852166677460007,1
-3.428266542629601,-3.541742592998673,12
13.2139402204208,-8.654791428682321,6
-2.453797193779632,2.34077430936396,2
-1.4409879658637912,-0.019041863442245264,5
-1.8567461903830735,-0.7576385641240989,17
-2.1536356969083834,-2.508147520078952,7
-1.095871426030976,0.17550639206909585,14
-1.4036989078144562,-0.03736446311098318,11
-1.9423862431459782,2.1896847387557425,2
-1.330218665462645,-0.18333334648765348,19
-0.16091393349031544,0.23057954740980396,3
-0.3101917313421344,0.26790350309692945,5
-0.2980773326777579,1.0877541289894195,19
-1.3892027075044626,-0.560619385818287,15
3.3170399110760225,-2.5986023182400766,1
-1.460749899402038,-0.9983089124069019,18
-1.0761412810163693,-0.7405440944043623,15
-1.4108279780074506,-0.7166537518283467,13
0.10964030445997956,0.36033408771945197,7
0.6716001066229503,1.6046567893850927,12
12.895777276255815,11.795747821088707,18
-3.624626357137085,-2.1064681384094,12
-0.15191582856465582,0.8513020131975881,15
0.7358330489708304,1.4900522720890157,10
-1.2262609681714762,-0.2869167187627813,3
-0.6063191592039135,0.23004483935677114,20
-1.0282138992136778,0.0252972956937856,6
-0.9434569217796497,-0.4575634060183172,15
-0.8352326819817746,0.41147661393133333,4
-11.866487808648822,-9.478792804834303,8
-2.1891590847202615,0.02907488694749188,2
-0.870452430402351,0.2537823251878726,15
-3.195744282511989,-1.0364956810652648,5
-1.1580426057959203,0.1821388360400021,4
-1.206905832948047,-0.12866387834897614,10
0.14387519627141568,0.7962286016222094,14
2.5922345032168836,3.0940038560774696,7
-0.9470420141706998,0.043561377668165896,10
-0.997584700161075,0.7088795771378585,2
-1.3424168400258982,-0.1740667469664013,3
-0.7364442002032885,-0.751152329852407,14
-2.681283172736787,3.2726559658970276,2
-1.0749889866901727,0.2658941082651958,3
2.7376822874984668,2.8215365102751084,12
0.8396751189355968,0.8355333652836341,1
-0.209687064362437,1.1671674043345284,15
-0.7176167186383717,0.29966183428689525,19
-0.46993088981970726,-0.13452550368528518,17
-0.7452888204489191,-0.34468301977842236,5
-0.789848850369078,1.119462750918573,17
2.9836542683819793,4.623431551874987,7
-0.6485144333284707,0.9136614441329779,19
-0.8062989530823893,-0.3198525501018203,9
-1.5562324224426611,-0.11625569734255209,4
-2.2867538511271364,-3.8942217318892385,7
-4.666037540336514,-5.83603185531942,12
14.481085119545506,-7.512334530976624,6
-0.5360496780552428,0.3390692278932064,9
4.894963526257385,5.528471790719162,7
-0.8089240144197758,0.11944450717462064,9
3.6306715941770773,-1.437229944372081,1
-0.3934382657837857,0.8402337047814713,17
-4.583689576301954,-3.9115020140943115,7
-0.5418998334045285,-0.9441140886599971,5
-0.25565668900909033,-0.976800783120914,1
-0.7604234434232185,0.3202834567977931,19
-1.0192104511478999,0.4932682275055213,17
-0.32170319229839933,0.6268108916652299,19
-0.12729898384591004,1.8616095714462884,8
-0.3584028775632067,0.7026929435434789,16
-1.6105956626933542,-2.4717656003537947,5
-0.9679577010712983,-0.6379361518360344,13
6.36595591975421,-1.137631511837219,13
-1.8676331360682457,-0.5155954178662346,9
-1.2898055620599356,-0.9454757022107786,4
0.0649843987691734,0.6163767842474621,7
-1.2172259067470805,0.16071926275556042,19
14.36830727764769,-8.533741520529604,6
0.13993126833102398,0.27913042256647225,7
-0.8982017761435865,-0.4889539863004,15
-0.5027606582480042,1.0738992072820888,5
-0.3235017550254554,0.5340259437769608,13
-0.6432048447809021,0.5589462342112202,19
-1.3521671359022542,0.039732505700216275,17
-0.925708268327549,0.06941239727771183,11
0.04742708878979631,0.1455599468815859,9
-0.7867498734931643,-0.33168596439713094,15
-2.3516000792697556,3.381144240955912,2
-2.5122741751421813,-0.7187380644590339,12
-0.8984433330297898,0.4103065609176325,11
-1.0343671083933996,-0.7193658707929128,5
-1.9679175324323805,-1.9613526614126444,12
-0.4303328300053572,-0.10323004663937732,4
-0.9527720721176757,0.6616393665788551,17
-0.36994731444223716,-0.007510697302843254,9
-1.0591830910342959,-0.02805087952256566,19
-1.1423185826670108,-1.4645628253329839,5
1.5312569293895608,-2.5349624727828695,13
-2.491806026429927,-3.393728960217184,12
-0.7132446872420041,0.1296354754077464,14
-1.1690167137875307,-0.06437159863160058,3
-2.016239409224097,-0.24821543172444918,2
-0.12043892564186687,0.30901508032928193,3
-0.6051332174903712,0.7062525717622434,20
14.490121653152347,-8.513618169864824,6
-0.9948559444117737,-0.4864018227135637,1
-0.8615514619250967,-0.22593286313507535,9
-0.4367216755281951,-0.10868038572375495,19
-1.1804386228568926,-0.1971553642137665,19
-0.8872499360982121,0.4454204066243953,16
-0.8327960684106246,-0.973955872305933,1
-0.4810678546368848,0.13552884404344842,19
-2.5493253791241264,2.345841390289542,2
-0.5464338609968266,0.08841280736945023,16
-2.319332638213823,3.1451622345992134,2
-0.28147626883589666,-0.24179782685027693,7
-0.556650736646259,0.1259716301556153,17
-1.145298681374665,-0.38196596788503423,20
-0.21683956589597098,0.18844435035270504,5
-0.7916559347831597,0.4676764597898187,19
-2.204497665176279,-2.8111211153829676,1
-1.8381864307727593,3.78875840157756,2
-0.8143637708578185,0.5714177387082309,3
-0.813029196264015,0.0941354595228379,18
-0.490317295396244,0.44477172657030306,3
-0.7848707422877266,-0.3182684802311353,16
-2.103993728597449,3.0153485598927112,2
-1.4589901970217303,-0.23673825340719507,9
-0.592796286712166,0.4617286228809292,3
0.48649090174482745,0.9867317175219804,7
0.9288428953536069,1.9546358853700776,13
-0.5881717847883912,0.556225519615995,9
-1.0695379516354924,-0.41013704203404167,14
-0.687912409205232,0.7130259879380016,19
-0.643562594258902,-0.15924508286249917,12
-3.123672168353847,-2.485604062960428,8
-0.20290947212166993,-1.126499191683555,1
-0.9828332592367592,-0.3830236477723754,20
-0.07322472541417344,0.31142690329913275,12
8.260225209562272,-9.647338550980523,6
-0.8653345649098958,-0.723101179210286,11
-0.2088922025809858,0.48534699705192236,5
-0.6115730504134088,0.7344924117981263,11
-0.4018624142040388,0.7891045753185646,15
-0.8321022365821601,0.5222053962922257,9
8.416818972079618,6.607882039810369,18
-0.3901228715367882,0.8210097408537412,10
0.8799109356050099,2.7053426930415228,7
-1.5353043724442452,-1.5371853016428758,1
-0.4835401346856429,0.2717992985834375,11
-1.105502011495547,-0.7349081814456156,11
0.4141734418149812,2.5618148841841353,8
14.312812227192916,-9.377491630488858,6
-0.8480530017186924,-0.25267442586479183,11
-0.8742493426663036,0.5088857434261491,4
-2.7622634164326527,4.704593303019501,13
-0.9367057708122326,0.06631472053076846,20
-0.975438148081712,0.1727154010830786,5
-1.4283564365243868,-1.0075977939597427,10
-0.24520128323440107,0.24324846411997136,1
-1.0971905618217546,-0.32751952825306363,19
-3.0124603837985657,-1.6147651193940429,5
0.09539785142885579,0.3425297971578094,15
-0.6678075171338661,0.007774962766746971,3
-0.5238790636995898,0.99320762161565,17
-0.2821847083350426,0.017671003141721334,16
0.6493981405355379,0.4686020901355019,1
1.074763138865171,-0.24954598139947934,8
-0.42975041500419797,-0.7412047331833715,12
-0.4638870674620562,1.0075764053089797,19
7.171893957645605,6.741125919381678,18
10.660868515401766,11.062189535571074,18
-1.1082266264642986,0.17092552639868913,3
-1.6513123391619189,-1.8970167429313627,7
0.07398577174196976,1.0626920386470686,5
-1.744536708981303,0.17017257577900483,8
-0.12581216839914278,1.6334028247976062,5
3.183792698702772,3.725961033985448,8
-0.6659324351107011,0.5223890355575005,20
-3.1970069739499114,1.238918614316041,8
-0.5783334266909116,-0.20445748950936818,9
-1.012888071878226,-0.3124091693414049,17
-1.1307311771815458,0.06637946794076914,16
-1.0404126160570977,-0.8288568096334422,20
-1.0226750426063431,-0.4465557712216457,5
-0.8998006758425161,0.323766376682131,9
-2.3255951961442753,2.4741952939180942,2
-1.123105273250962,-0.4271030977716798,19
-0.9740963890834704,0.10657790653978355,9
-1.1341578638666547,-0.3886577372973713,20
-5.259063600329519,-2.3114323283738765,13
-1.0370438803793314,-0.22949851767591958,14
-1.2791756135916748,0.06068766665374247,14
-0.9593433093873708,-0.34969438642917977,4
-4.690066930768393,-6.834612333770668,12
-0.9405085165759602,0.8591736879844837,4
-0.7980795451303523,-0.44299710577846885,16
-0.49906190785315,0.48783487279900206,8
8.274879129639418,-10.27376443689385,6
-0.4785273391029011,1.0211355340612736,16
-0.6358850657797509,0.5060578123334207,4
0.3112812858069009,1.3796674755676293,11
-0.7340597754347465,0.6790524166303358,10
-1.18754447822833,-0.5991430260012465,4
-0.6260937769278968,-0.10487769087717719,3
15.266757846055274,14.86418190943229,18
-0.6652000107465315,0.12870461434977087,11
-0.10169078659490263,0.6373733309073087,9
-0.839606410583725,-0.4740699510650856,20
-0.6117881487747209,0.020038912023543038,4
-1.192868494496704,0.1232133806385532,15
-0.8789366714839185,0.3612071186099019,20
-0.5769418186445748,0.472697648257061,3
-0.6194886181440714,0.0400039281614434,5
-1.2102355275581689,0.8563454169699897,5
-0.10333399790474525,2.8612014941528128,8
-0.6937979308599079,-0.5871097002718015,19
0.920622471677361,2.2629057285327585,7
0.5893025625972822,3.3787753579733644,13
-0.7220725989559384,-0.12867841031240748,5
-0.6895964652782566,0.5750779848733368,20
-1.3052710966809769,-0.3461282548579456,15
-0.5789031010927156,-0.11921108465499279,7
-2.405780999123322,-1.2583544649051692,8
-1.6867283646625237,0.4368422872715136,8
1.6005175066506494,1.734706305022431,1
-1.1043904350200433,-0.15886009739278417,14
-0.7805033773740866,0.5720389675328764,15
0.054973216887756575,0.6273812076523042,4
-1.541549119854717,-0.528877282924944,16
-1.0791873625986996,0.2349500040623789,4
-1.1559209974736526,0.4250918046774861,17
-1.356998612376042,-1.2740969681491754,1
-0.6942987158127992,0.8925003932444401,4
-0.03899961211964413,0.5544513344688958,19
1.0653491506130506,2.2408082892118664,18
-1.0630499894248795,-1.7615160250030732,1
12.880123946529,14.328228223252392,18
-0.2159261377417115,1.1825118828955195,14
11.857136138406482,-8.827095931699189,6
-0.08390573508086331,0.3346747738695201,7
-0.5064191095373932,-0.20659015744603051,7
-0.4764437264892236,0.29020853252052886,7
1.200446064794521,3.9384134710250396,8
-0.6785199321502184,0.11856336713920991,19
-1.0226129806844344,-0.5971096416230859,11
-1.3041994421988161,-1.7187712326506757,5
-0.41321449710448843,0.27850664791174157,20
-1.0748704863921132,0.32908846480144477,9
-2.2205451032345507,0.09228203509191388,12
-0.6343016900292519,-0.03171697999511511,14
6.8179573014804316,5.83813987245672,18
-2.3271524181104017,-2.1899089444186326,12
-1.0178835517872875,0.2932181123646032,20
-2.4562510794926333,2.3551225552280797,2
-1.4110549303766,-1.0280042387094408,3
-1.032281086821823,1.0302793468824072,4
0.7800005376462272,-1.4697303916425473,8
-0.9871105411765065,0.22272837805561146,20
1.0273206200700165,2.5903661138778613,5
-0.8720928078645243,-0.09444056230267116,13
-0.6768662113555839,-1.8296522430688256,1
-2.065328661280357,-3.0405113975537166,1
-0.5393920118744019,0.3125613887859059,10
-0.8787416202842563,0.7664319530050281,14
-1.840605451996497,2.0482053277000896,13
0.046412855698355376,0.15661933831403532,7
-0.9459100640871814,0.909114704579774,14
-0.5009855663184588,0.9956100161240877,11
-4.797927491401531,-6.425871228042756,12
-1.393480388097758,-0.566621846018352,16
-0.004062082212904749,1.4014508223587783,7
-2.4249116847509455,2.4169320144413162,2
-1.9651383560369944,3.862191214881939,2
-1.3082108450626606,-0.3898944333887946,16
-1.3276614755099243,-1.9151025448168442,1
0.1310071808113383,1.2536798306505683,10
-1.1425659509605002,0.12515027569320838,14
-0.5767720436743755,-0.4265610980325682,3
-3.1491304756239864,3.0774209667590604,2
-0.8491682061106081,-0.5221354848778068,15
-0.9775842903474721,0.02572459964886421,3
-3.160647140509493,-2.234764807138664,12
-3.7505937007862538,3.4589144981298015,13
13.724820676245947,-8.609213020311465,6
-0.4498141822317963,1.8170812620642336,5
-0.6237979274281716,0.638444839294344,14
-1.2695521610950975,-0.3628422640961758,20
-0.7255143391089123,0.4714772724433562,9
-0.8181332308943945,0.4187872354903909,5
9.991836529514687,4.6934283496290385,13
-0.22674537897622962,1.2280088056312948,1
-2.074187988761912,-0.2154349432498317,12
13.820711282285124,-8.526469881585607,6
15.536676884063814,18.380958341676013,18
-0.9730330907626277,0.17981656684296493,20
-0.4456139889944948,-0.3818101915884552,19
13.568783252916688,-8.755131326801413,6
-0.32711647388886567,0.7959010760130328,16
11.844450219034975,-9.26235754627164,6
-1.0924323457223089,-0.26366992933380334,19
-0.3898225928319935,0.036174837914320815,1
2.2552754851369117,2.7016730484569287,8
-0.7424828415235608,0.2207319237464487,9
-1.1634073221627923,-0.5689916876549161,16
1.4624374810449305,1.7388232034074387,7
-1.0353489094675374,0.5124494915816962,17
-2.113617648608375,-1.750310628873219,8
-0.5158313707412983,0.8985223079108591,5
-2.0681303861552736,3.1687524071602384,2
-0.5297869740455883,0.7435801927805352,16
-0.4219821248255277,0.8079133338652974,11
-0.8677006724376045,-0.6223960577103422,14
-0.9055039719725388,0.9389829296234476,17
-1.1060321261672657,-0.8344457752590791,10
-1.0385672393756111,-0.986086986056986,1
-0.9368743894669461,0.6244212508543938,11
-0.30787487890391696,1.086841523457621,16
-1.196684675567205,-0.7421573273245904,14
-0.3066220408927261,-1.2902492507156593,8
-0.761484662622381,-0.13199564712456585,1
14.973556666133772,-9.931068863022414,6
-0.8056415618592654,0.4470508631698233,16
-0.3361663791161248,0.11422362541252983,4
-1.2480300482360687,-0.6950695949503954,11
-0.4970740649615431,-0.4026061191178474,17
-2.078507366102359,-0.1043892991672896,2
-2.399466808882387,3.1547225399454444,2
-0.7344334543684283,0.3187358661154686,11
1.8635128373868568,-4.0203927325575455,8
-0.3534758699077346,-0.30545586564219934,5
-1.2948822370736648,-0.7516517653870747,18
-6.1449052856218565,-7.549752027650534,18
-0.8254557803044632,-0.11581449341880685,10
-0.9276560179097871,-0.25184949943929097,3
-0.2660963396921403,1.0106560059201817,15
-1.5665381742025402,-1.0391889548756361,20
-2.240698052192891,-1.469946906092902,16
6.908399389454589,-9.39088792115969,6
-0.17461260883720706,0.7810525437318724,10
-0.876606906581326,-0.40544278599704053,9
-0.5106788970694532,0.017843246774930828,3
-2.083973387356638,-1.111909252765656,20
-1.0432242300763392,-0.5553412497574787,5
-1.617762478265184,-1.3366708825362001,1
-1.4854969022827669,-0.60897246964448,11
-0.3612520367067704,0.6758319829752168,3
-0.37039464669662203,-0.07821990227882729,20
-1.000174157432945,0.1877911893332549,15
-1.2290785995631015,-0.06347268810777633,16
-0.826713719206141,0.5914839261546121,14
6.967976189638839,1.0560146144738718,13
-0.9870781589680251,-0.22734821763010787,4
-1.539884807946243,-1.151873097145477,11
-0.9419234673762765,-0.3012165132377899,9
-1.1187751834300423,0.3952681814549066,18
-1.0521998575012657,0.23835149289121893,17
-0.8017983075193504,0.3515393080027398,3
-2.319472151582378,-2.9382054161565434,1
-1.0681040243099598,-0.928647224152762,17
-2.901823235780546,-1.5713493011136848,18
-0.11568114043335627,0.3013414195174369,9
-1.2421803293719615,-0.5296847324922397,5
4.763635832365925,5.624597398083265,12
-2.4223971565022255,3.164477886086991,2
14.487516016763173,-8.908591199455941,6
-2.5175629105190134,2.8547757501843107,2
0.24163773168072022,0.6687322666971292,1
-0.6618917602805472,-0.1806663510838433,10
-0.5039322196805285,0.3899957626677033,10
-0.9130629445913643,-1.157795267063015,1
-0.9803404353578663,0.49380453941534236,14
-0.8334636129055979,-0.1488191891001324,4
-0.7635476876249381,0.11206344429810874,15
-1.365452802661005,0.07539043396350584,15
-0.14883528397953538,0.9600454482010589,19
1.2661250766710268,3.1876545382688284,12
-0.1596922929863635,1.2760303891409928,17
-1.0945829876441122,1.1044607435883993,17
-1.1210850379818411,1.1712437383609124,13
-1.7421567464798384,-0.6291235819332162,19
-1.7586359955907946,-0.3216425023880554,10
-1.1176171948051874,0.28023814131672553,17
-0.9816081841353973,-0.7384579622180795,14
-0.9852827273020165,-0.5932880443675518,10
-0.4169421251642622,-0.019260302472268013,16
-1.536351241982369,-0.4615003910779895,15
-0.40147989686378444,0.18714185337048658,11
1.133564069896565,0.7455150420387687,12
-1.245533658553281,-0.9881385046192266,11
-1.1637225955969022,-0.5646594807145149,4
-1.2079649069930398,0.4670655478281761,10
-0.0009783262604434267,0.8952915942469151,9
-0.011835665777745462,1.5913578377160704,12
12.047159330767203,-9.117875888370351,6
-0.1921452106072679,0.782818834399966,16
-0.5262240385862151,0.488803466735194,17
-0.24130125571730046,-0.14803906539216424,5
-0.47757244448812597,-0.00783555267592194,20
0.4816633145368349,-2.3693405998922907,13
-0.8782668959597567,0.20436411935655802,3
16.786142433499343,-9.350385977733014,6
-1.3763320310323892,0.9211238146713134,8
-1.4547362905992522,-0.44360084419628854,11
-0.6565879860805351,0.7981782592137391,17
-3.15221282234596,-1.1585305651648223,12
-3.6361654914690127,-1.9449566030805323,8
-3.181685219648742,-4.278994136003521,1
-0.22716034900039844,0.31887498466884484,9
-0.49607761515984694,0.42975114648021273,19
0.28983407941498657,1.222583217272092,19
-0.918228268346324,0.12646850434470966,3
3.4069886280292105,-2.475985753233871,1
-1.143505397132931,0.04776199626760163,3
-0.027541506805337977,0.8783952935959898,11
-1.333544276175008,-0.17762688946070848,19
-2.264267825940239,3.185486716148834,2
-0.5704075454507066,-0.15589436230251355,20
13.873600772454454,13.95846093483469,12
-0.5290239485128378,-0.001828488054412322,4
-0.4682519470018591,0.7875191026537424,10
-0.7383547191937574,-0.23867484344776485,14
-0.8355752149793126,-0.2615365864674464,10
-0.42936576059671805,0.5381138238402725,7
-0.15628698311764627,0.5451328467045813,13
2.1887533887121498,2.502505107734216,18
-3.2820293152929927,-2.7453662541173056,8
-0.6169264280781477,-0.4946840192398909,1
-4.003669390251547,-0.6048483591611811,12
-1.097569941081663,-0.32081442043135294,10
-0.5332435163169943,0.617382156965385,19
-2.14888043335394,0.014246861238360737,8
-0.8667864468160225,-0.45484561875408663,3
-0.3857284469143711,0.1466992164554487,7
-0.3144612155153225,-0.8964520879973853,7
-1.3748624022720177,-0.0971274686188983,11
-0.29517085379113245,0.6341296177592425,4
12.353567883894588,12.683965331770219,18
-1.3996707915057105,0.9354468989398527,8
-1.6819666503947468,-7.386787288624919,1
12.003236513088448,-8.992350868710433,6
0.34482020239122035,1.7429554233128846,10
-0.9678229036741276,-0.19000550733889868,17
-2.5147249467413304,2.905613018952256,2
-1.5922304427689884,0.19594265348593273,4
7.28567414052659,10.028949845943856,18
-2.650742169791894,-4.772690790375752,1
-0.3669361714997728,0.6845708262482233,10
-0.355573455108829,-0.5754771653536125,7
3.396485116499389,6.542208609332602,8
-0.9047449343400812,-0.010028440441253303,9
-2.281598549116854,2.639293040213062,2
-3.8923205977706474,-4.238319377492536,18
-1.522719371803807,-0.6541024456167778,4
-1.346110301938787,-0.09963113829491638,5
3.7104657725034063,0.3129407610650522,13
-1.4995234364835412,-1.2109959067666143,18
-0.4330099591719224,1.256709039616958,19
-0.8844316873651915,0.20497303886993995,14
-1.0812800934125972,0.16235011932254584,17
-4.255063820147763,-2.757598880918346,7
-1.0344621111728118,-6.4959130137410455,1
-0.9165593483055142,0.16886197122632854,16
-0.16309858163943614,1.3468227830495336,19
-0.7444336506061163,-0.2708866426031648,11
-0.5705533395721689,0.5420091774434176,19
-2.406203571630755,2.6090971364193836,2
-1.5136224448063882,0.020394429851918926,15
-2.3253320420394377,1.8936130588946771,2
-0.7573179308484501,0.3318936245336903,18
-0.3501337145763581,0.22611956266972583,5
-0.17987595146182928,0.5921461636576716,9
-0.844921404748553,0.4827491449358076,4
-0.9245425065967301,0.39109220573282677,14
-1.0208002137249181,-0.05592207531685627,15
-2.0500605977745803,-2.487913131120968,1
-0.34569486965656754,0.10915190777917892,5
-1.0681250739396355,-0.3136529875860437,4
-0.4266416238521916,0.14058587710809337,20
-1.2923603988636672,-2.4606573477106095,1
-3.1780320871160876,1.704492310318266,2
-1.0647891431970604,-0.6494955308858132,9
-2.50073144067029,-1.2949346593089608,13
-0.6963013655485347,0.8083197453100066,3
-0.2916370512057585,0.703088385425101,4
-0.8766353674458245,-0.3236761172395097,16
1.7441872510541243,0.8087795727176953,12
0.5814823796530112,0.8576239448656333,8
-0.059497004089541755,1.5257246627969305,13
-1.2689195146197763,-0.5873899731064154,14
0.4452673928749385,-1.4113797618447332,8
-0.4190869912762199,0.7385801362688296,11
-0.560075845328189,1.2840848134216571,16
-0.16298819034981513,0.3505797372296853,10
-1.2224634573874953,0.022531432007853344,11
-0.7232920957325145,1.1702129033670932,12
-0.09899828701662267,1.198575802693272,11
-1.0037407505296059,-0.2710574711599513,3
-0.6557044995237656,-0.26034664951670067,11
1.3685683362055614,2.1849808854916635,8
-2.5905578459269014,-2.720270435518005,8
1.378481745339064,-0.028482030556658697,13
-0.47538877345097186,0.37966581181369763,1
-1.0884735554502585,-0.7110098569143588,5
5.426100347271868,5.767414487441628,18
-0.6480357229915045,0.31554012153690053,10
-1.5088629225641919,-0.8679091614828824,11
-0.8801078576424557,0.4675368482568998,11
-0.7825520279675463,0.11636703066847454,11
12.688025672919448,-9.792612686680533,6
0.12705987494694876,1.258918198700799,7
4.509626653921209,-1.8470783460175455,13
-0.9028821802449042,0.288314525184783,11
-2.6644626728746545,-6.392896468199143,1
-0.725265026019399,-0.1563500865012759,11
-0.671182443482031,-0.03620538113856357,4
-0.7901169378610442,0.024470680095780316,3
-3.59736366863164,-1.4456588000629544,8
-1.2462516488938142,-0.27889208890397477,3
-2.4568480742113596,3.049476898415148,2
-1.295071848703907,-0.5715505672693212,14
-1.0017590568297399,0.4749459663272667,15
-1.4643023992030018,0.2714462077619618,3
-0.8986668129001044,0.6499480565353167,3
-0.2144841809943013,0.39471650744747067,5
4.9609101811488365,-0.12053932349199128,8
-0.8134745506433334,-0.12354130446684547,9
-0.4909405068293939,1.100402252067149,4
-0.48686696764880766,0.019077723847228226,4
1.836927786034999,-2.1943213559891634,13
-0.37133497854903263,1.1645778167536682,4
-0.11875699295290036,-0.003412823132827731,3
-0.12511364267429406,1.218737232812014,3
13.78840667188927,-7.857799341449984,6
-1.0404721788141529,-0.17393105518730817,14
-0.7946669351488066,0.06154625854740953,6
-1.400714914305661,-0.3533789561536091,4
-0.9557983019068672,-0.094574467967152,20
-0.9666900451495054,1.0865095071642412,20
13.417933741430312,-9.236928582643856,6
0.8502135217117204,1.1032742465455323,5
-1.299898280081356,-0.6144525671504633,1
14.480828881186849,-8.080049488506589,6
5.133751866536259,6.332970521541919,12
1.4805465620522071,-3.595154491769318,13
-0.16743849224258855,0.9225246872322351,17
0.2831600395924647,0.9564947089891671,12
-0.9496527537629379,0.6833322191424855,18
3.3746247330352013,4.860639782078546,7
-1.0772729767788882,0.4780620503838074,11
-0.8160035271696011,0.4335119223483599,15
-0.24298089488753977,-0.1147849931291592,20
-0.6464660754991849,0.5414180500326247,19
-1.327917054638426,0.27576141431820483,11
14.122172607193948,-8.75839882142225,6
-0.3453739033981883,0.4790604477163239,10
-0.8500730347402221,-0.1399102409504792,15
1.1019902862722757,2.515439932569661,8
-0.9616990973719165,-0.31648599551702417,19
-0.30901721589687015,0.3342555576790581,10
-1.043130516443994,-0.7778666673434319,17
-0.5468373391248373,0.5211968016636519,11
-2.5360858142156846,2.6534926960388154,2
-2.9142517430323474,-3.080248033845987,12
-1.5514398858132614,-0.5434603966660252,14
-1.377735672482935,-0.16471875254754328,10
0.757298540041447,3.04014241721802,7
-0.29730426412333727,0.42191372110701036,10
12.445186386161463,-7.920975755982663,6
-0.9634973785009302,-0.3997056555011485,15
-1.796395073923778,-0.6033000966405186,20
-1.9966351115317273,-3.4041063811084045,12
-0.49120340938573875,0.4223378954883204,7
-0.463969559598957,-0.20149115753436753,16
-0.40356788515935804,-0.035684429542272106,19
-1.975644167246911,-0.24950652103939452,20
-1.3157450545948208,-0.11278231879260656,10
-1.169071583970108,-0.21631220115157018,17
-0.10912899285213931,0.31977033593573473,15
-1.375200520646681,0.05626461797772803,19
-0.3346083565158981,0.8788895290945924,11
-0.8126566392130228,0.20378503282478427,19
-0.4012549118945564,-0.2751974573543673,10
0.6566354780563338,-4.040011763979333,8
-0.7593182055759513,0.18002190597488468,2
-1.4465436158338676,-0.41270387597352315,19
-2.1526388139572115,3.661522367330424,2
-0.8150469832001623,0.22121753704484232,11
-0.2347650602284866,0.3802104378344629,16
-0.4395887103816421,0.38645313345589877,3
-1.2497494465817085,-0.03588358474118187,20
-1.2382765459714005,-0.03342527516617098,20
0.6174992072570578,1.0421667416606613,1
-4.242307038089137,-7.036941397052709,12
-1.5074470390263544,2.2980534187622443,8
-2.6414978161812095,3.4042809034778143,2
-0.5233086899267941,0.4376471760615483,4
-0.9934167080480011,0.5074294695180455,3
-2.3467925997270433,-3.177015377784993,12
-0.7967025383312131,0.38734576156969897,5
-0.9172148088010755,-0.17272932683071285,3
-1.060714022843525,-0.9915068751119773,14
-0.19954810217613678,1.512827322862054,5
-4.761801344956859,-2.96291629581943,13
-0.2932141046200425,0.8622692214549523,11
-0.4134746038470318,0.9130047810737831,20
-0.7680997665820676,0.3459690306678841,16
-0.7623278590591848,-0.15457137447088387,9
-1.0800293272449744,-0.9368607663591136,14
-0.5370901143568872,0.36329704858249734,7
-1.7932927115186488,-0.4451970118692203,19
-0.8538851063807821,-0.6748815175504272,3
-1.0510460538559778,0.6239806505903779,10
-0.3966870641619096,0.6981579477984283,15
-0.9636204389795247,-0.5871573973414295,3
14.530505322114305,13.886443312047614,12
-0.4722977523643978,0.6745971336219766,16
-0.6358911440092195,0.1871755466640499,16
-0.9381443617080794,0.18081007808667796,10
-1.0541373420389892,-1.8754368360542644,5
-0.6019126245746577,0.7388171511552779,4
-0.12484732280872499,0.9948430281075065,5
-1.2869849105521485,-0.2985985034836574,5
-1.9672512334329122,-0.019829314799596116,12
11.643708576444771,12.803708154618446,18
-0.8222618196323244,-0.5420373870587367,7
-1.0461029692770367,-0.18325269807169872,1
-1.0727703358427112,-0.04989286935606734,11
-1.4504000795794587,-0.682713449888441,18
-0.9667279480830989,0.505538400846368,15
11.834263000715204,11.812453668535113,18
-0.6548562795955383,0.9942324208635119,10
-1.3857141177507153,-1.716929382792325,12
-3.4432388887162695,-0.6759560599404203,12
-0.5586681576309571,-0.5205398866207284,3
-0.12908078080195193,0.8379961379920111,15
-0.9391977110992774,0.5023528779149293,11
6.322201191240215,5.7723291491089705,12
-0.5824305091276806,0.16302284556584856,11
0.8733944916480971,-5.045903943976218,1
-0.05039182293587098,2.8910158224437783,8
1.170368417236121,1.1898646723023552,12
-0.9364426811189472,-0.1258043562353728,9
-2.0572946892061785,3.0585118879510103,2
-0.5057611142623926,0.9899952204141496,20
-0.07350491621760397,0.07388605159719559,10
